test_case_id	chromosome	genomic_pos	ref	alt	expected_variant_type	expected_dORF_type	expected_dORF_start	expected_dORF_end	expected_dORF_length	expected_start_codon	expected_stop_codon	expected_overlap_CDS	notes
A1_dStart_gained	chr1	462	G	A	NO_EFFECT	NA	NA	NA	NA	ATG	NA	NA	GTG->ATG created but no valid stop codon within 303bp
A2_dStop_gained	chr1	509	G	T	dStop_gained	predicted	479	511	33	ATG	TAA	FALSE	New TAA at 509-511, uses existing ATG at 479
A2_dMissense	chr1	509	G	T	dMissense	existing	479	541	63	ATG	TAA	FALSE	Also affects existing dORF_A1 (509 is within 479-541)
A3_edge_33bp	chr1	680	G	A	dStart_gained	predicted	680	712	33	ACG	TAA	FALSE	GCG->ACG creates start codon (33bp >= 30bp threshold)
A4_edge_27bp_reject	chr1	686	G	A	NO_EFFECT	NA	NA	NA	27	ACG	TAA	NA	GCG->ACG creates start but dORF too short (27bp < 30bp)
B1_dStart_lost	chr1	481	G	C	dStart_lost	existing	479	541	63	ATC	TAA	FALSE	ATG->ATC destroys start of existing dORF
B2_dStop_lost	chr1	539	T	C	dStop_lost	existing	479	541	63	ATG	CAA	FALSE	TAA->CAA destroys stop of existing dORF
C1_dStart_change	chr1	479	A	G	dStart_change	existing	479	541	63	GTG	TAA	FALSE	ATG->GTG (both valid starts)
C2_dStop_change	chr1	541	A	G	dStop_change	existing	479	541	63	ATG	TAG	FALSE	TAA->TAG (both valid stops)
D1_dMissense	chr1	485	C	G	dMissense	existing	479	541	63	ATG	TAA	FALSE	Amino acid change within dORF
D2_dIndel_frameshift	chr1	490	G	GA	dIndel_frameshift	existing	479	541	63	ATG	TAA	FALSE	1bp insertion causes frameshift
D3_dIndel_inframe	chr1	493	G	GAAA	dIndel_inframe	existing	479	541	63	ATG	TAA	FALSE	3bp insertion maintains reading frame
E1_dStart_lost_neg	chr2	328	C	G	dStart_lost	existing	268	330	63	ATC	TAA	FALSE	CAT->GAT destroys start (negative strand, revcomp ATG->ATC)
E2_dStop_lost_neg	chr2	268	T	G	dStop_lost	existing	268	330	63	ATG	TAC	FALSE	TTA->GTA destroys stop (negative strand, revcomp TAA->TAC)
E3_dMissense_neg	chr2	300	T	G	dMissense	existing	268	330	63	ATG	TAA	FALSE	Amino acid change in negative strand dORF
E4_dStop_gained_neg	chr2	340	G	C	dStop_gained	predicted	NA	342	108	CTG	TGA	TRUE	Creates TGA stop, upstream CTG start in CDS forms 108bp dORF
E4_dStart_gained_neg	chr2	340	G	C	dStart_gained	predicted	342	270	75	ATG	TAA	FALSE	ATC->ATG creates new start (ATC not in default start codons), forms 75bp dORF
F1_multiallelic_alt1	chr1	481	G	C	dStart_lost	existing	479	541	63	ATC	TAA	FALSE	First allele: ATG->ATC
F1_multiallelic_alt2	chr1	481	G	T	dStart_lost	existing	479	541	63	ATT	TAA	FALSE	Second allele: ATG->ATT
G1_cds_boundary	chr1	448	A	G	NO_EFFECT	NA	NA	NA	NA	NA	NA	NA	Variant at CDS/3UTR boundary (last base of CDS), may not affect dORFs
G2_intron	chr1	600	C	G	NO_EFFECT	NA	NA	NA	NA	NA	NA	NA	Variant in intron region (549-648), should be skipped
